run,version,page_size,query_count,latency_ms
1,naive,10,11,28.781083005014807
2,naive,10,11,41.31237501860596
3,naive,10,11,36.11399998771958
4,naive,10,11,22.16604197747074
5,naive,10,11,37.85341698676348
6,naive,10,11,26.304250000976026
7,naive,10,11,37.1106659877114
8,naive,10,11,37.04075000132434
9,naive,10,11,23.044166999170557
10,naive,10,11,36.178915994241834
11,naive,10,11,22.330708015942946
12,naive,10,11,35.178542020730674
13,naive,10,11,37.93370898347348
14,naive,10,11,24.11766699515283
15,naive,10,11,35.955291998106986
16,naive,10,11,23.062125022988766
17,naive,10,11,35.81016600946896
18,naive,10,11,21.88954100711271
19,naive,10,11,33.768791996408254
20,naive,10,11,34.99208399443887
21,naive,10,11,20.979124994482845
22,naive,10,11,33.68379099993035
23,naive,10,11,21.27329198992811
24,naive,10,11,32.709249993786216
25,naive,10,11,34.130082989577204
26,naive,10,11,22.055709006963298
27,naive,10,11,36.45804201369174
28,naive,10,11,22.211083996808156
29,naive,10,11,33.584415999939665
30,naive,10,11,34.16729101445526
1,naive,50,51,29.70129100140184
2,naive,50,51,40.5727090255823
3,naive,50,51,30.622374993981794
4,naive,50,51,39.19133299496025
5,naive,50,51,42.206833022646606
6,naive,50,51,29.978500009747222
7,naive,50,51,40.88491600123234
8,naive,50,51,28.565249987877905
9,naive,50,51,39.732207980705425
10,naive,50,51,43.115624983329326
11,naive,50,51,28.766125004040077
12,naive,50,51,41.59587499452755
13,naive,50,51,28.781875007553026
14,naive,50,51,44.489708001492545
15,naive,50,51,28.175082989037037
16,naive,50,51,40.478750015608966
17,naive,50,51,41.7807920021005
18,naive,50,51,28.763707989128307
19,naive,50,51,43.67062501842156
20,naive,50,51,28.85704202344641
21,naive,50,51,40.97883400390856
22,naive,50,51,40.83145799813792
23,naive,50,51,28.35429200786166
24,naive,50,51,41.03104100795463
25,naive,50,51,30.061666999245062
26,naive,50,51,39.6550000004936
27,naive,50,51,28.03116600262001
28,naive,50,51,38.59162502340041
29,naive,50,51,42.85545801394619
30,naive,50,51,28.084374993341044
1,naive,200,201,64.06216599862091
2,naive,200,201,48.799958982272074
3,naive,200,201,57.66095899161883
4,naive,200,201,59.05054201139137
5,naive,200,201,46.81058300775476
6,naive,200,201,58.79974999697879
7,naive,200,201,46.635541977593675
8,naive,200,201,58.08241700287908
9,naive,200,201,60.09816599544138
10,naive,200,201,45.90287499013357
11,naive,200,201,59.39087501610629
12,naive,200,201,45.91266700299457
13,naive,200,201,58.73245798284188
14,naive,200,201,59.46741599473171
15,naive,200,201,46.28237499855459
16,naive,200,201,58.652083011111245
17,naive,200,201,46.110333991236985
18,naive,200,201,57.60512501001358
19,naive,200,201,46.50612501427531
20,naive,200,201,57.0481659960933
21,naive,200,201,59.121666999999434
22,naive,200,201,45.87666699080728
23,naive,200,201,58.31849999958649
24,naive,200,201,47.06354101654142
25,naive,200,201,59.25474999821745
26,naive,200,201,64.61529197986238
27,naive,200,201,51.82487500132993
28,naive,200,201,80.62366698868573
29,naive,200,201,53.26308301300742
30,naive,200,201,62.9259160195943
1,fixed,10,2,2.273040998261422
2,fixed,10,2,1.8563330231700093
3,fixed,10,2,2.0719169988296926
4,fixed,10,2,2.081832994008437
5,fixed,10,2,1.8089579825755209
6,fixed,10,2,1.8703749810811132
7,fixed,10,2,1.8634169828146696
8,fixed,10,2,1.8962920003104955
9,fixed,10,2,1.8261250224895775
10,fixed,10,2,1.8107079959008843
11,fixed,10,2,1.6092080040834844
12,fixed,10,2,1.6816669958643615
13,fixed,10,2,1.9787499913945794
14,fixed,10,2,1.9075000018347055
15,fixed,10,2,1.6301250143442303
16,fixed,10,2,1.6734579985495657
17,fixed,10,2,2.097832999425009
18,fixed,10,2,1.8355000065639615
19,fixed,10,2,1.570541993714869
20,fixed,10,2,1.536791998660192
21,fixed,10,2,1.867000013589859
22,fixed,10,2,1.8764999986160547
23,fixed,10,2,1.6906250093597919
24,fixed,10,2,1.6846670187078416
25,fixed,10,2,1.8722910026554018
26,fixed,10,2,1.6477500030305237
27,fixed,10,2,1.9084580126218498
28,fixed,10,2,1.8410419870633632
29,fixed,10,2,1.6572909953538328
30,fixed,10,2,1.6039999900385737
1,fixed,50,2,2.5486669910605997
2,fixed,50,2,2.3871249868534505
3,fixed,50,2,2.219749992946163
4,fixed,50,2,2.4272080045193434
5,fixed,50,2,2.585250011179596
6,fixed,50,2,2.1510410006158054
7,fixed,50,2,2.3203330056276172
8,fixed,50,2,2.4242919753305614
9,fixed,50,2,2.37520900554955
10,fixed,50,2,2.307374990778044
11,fixed,50,2,2.1777079964522272
12,fixed,50,2,2.6894999900832772
13,fixed,50,2,2.33179097995162
14,fixed,50,2,2.179041999625042
15,fixed,50,2,2.741958014667034
16,fixed,50,2,2.3069159942679107
17,fixed,50,2,2.179458999307826
18,fixed,50,2,2.2190829913597554
19,fixed,50,2,2.550792007241398
20,fixed,50,2,2.2533330193255097
21,fixed,50,2,2.256917010527104
22,fixed,50,2,2.3539590183645487
23,fixed,50,2,2.4211670097429305
24,fixed,50,2,2.4726249976083636
25,fixed,50,2,2.2144580143503845
26,fixed,50,2,2.5619590014684945
27,fixed,50,2,2.4102500174194574
28,fixed,50,2,2.1022910077590495
29,fixed,50,2,2.755166991846636
30,fixed,50,2,2.306042006239295
1,fixed,200,2,4.481541021959856
2,fixed,200,2,4.473583016078919
3,fixed,200,2,4.481500014662743
4,fixed,200,2,4.82533301692456
5,fixed,200,2,4.6992910210974514
6,fixed,200,2,5.332166998414323
7,fixed,200,2,5.247791006695479
8,fixed,200,2,5.005084007279947
9,fixed,200,2,5.088333011372015
10,fixed,200,2,4.812166007468477
11,fixed,200,2,5.0439170154277235
12,fixed,200,2,4.898333019809797
13,fixed,200,2,5.036042013671249
14,fixed,200,2,5.860542005393654
15,fixed,200,2,5.704499984858558
16,fixed,200,2,6.010624987538904
17,fixed,200,2,9.408750018337741
18,fixed,200,2,8.287750009912997
19,fixed,200,2,7.446708012139425
20,fixed,200,2,5.141875008121133
21,fixed,200,2,5.37712499499321
22,fixed,200,2,5.986999982269481
23,fixed,200,2,7.140292000258341
24,fixed,200,2,6.582249974599108
25,fixed,200,2,7.428749988321215
26,fixed,200,2,5.7837089989334345
27,fixed,200,2,26.61624999018386
28,fixed,200,2,6.051249976735562
29,fixed,200,2,6.632457982050255
30,fixed,200,2,5.401083995820954
