failure_rate,test_number,success,latency_ms
0.0,1,True,25.166541920043528
0.0,2,True,0.9473339887335896
0.0,3,True,1.1440840316936374
0.0,4,True,1.1144999880343676
0.0,5,True,0.9917919524013996
0.0,6,True,0.8627499919384718
0.0,7,True,0.7990419398993254
0.0,8,True,0.8573330705985427
0.0,9,True,0.8128749905154109
0.0,10,True,0.8164159953594208
0.0,11,True,0.7605829741805792
0.0,12,True,0.9508749935775995
0.0,13,True,0.8635830599814653
0.0,14,True,0.7813749834895134
0.0,15,True,1.6700000269338489
0.0,16,True,0.7825000211596489
0.0,17,True,0.7174999918788671
0.0,18,True,0.748832942917943
0.0,19,True,0.7515409961342812
0.0,20,True,0.7654580986127257
0.0,21,True,0.7424999494105577
0.0,22,True,0.9002919541671872
0.0,23,True,0.8784170495346189
0.0,24,True,0.8132080547511578
0.0,25,True,0.7437500171363354
0.0,26,True,0.6992090493440628
0.0,27,True,0.7114160107448697
0.0,28,True,0.7319169817492366
0.0,29,True,0.7173339836299419
0.0,30,True,0.7304999744519591
0.0,31,True,0.7292499067261815
0.0,32,True,0.7833749987185001
0.0,33,True,0.9794579818844795
0.0,34,True,0.8696250151842833
0.0,35,True,0.8037909865379333
0.0,36,True,0.755749992094934
0.0,37,True,0.7127500139176846
0.0,38,True,0.7170420140028
0.0,39,True,0.7081249495968223
0.0,40,True,0.6966249784454703
0.0,41,True,0.6882080342620611
0.0,42,True,0.7385419448837638
0.0,43,True,1.008333987556398
0.0,44,True,0.8887080475687981
0.0,45,True,0.7334580877795815
0.0,46,True,0.7633749628439546
0.0,47,True,0.7132079917937517
0.0,48,True,0.7019579643383622
0.0,49,True,0.7075840840116143
0.0,50,True,0.7332080276682973
0.2,1,True,1.1631249217316508
0.2,2,True,0.7498749764636159
0.2,3,True,0.7129169534891844
0.2,4,True,0.6958750309422612
0.2,5,True,0.6966660730540752
0.2,6,True,0.6977909943088889
0.2,7,True,107.79862501658499
0.2,8,True,1.2440000427886844
0.2,9,True,1.182915992103517
0.2,10,True,1.0961249936372042
0.2,11,True,108.13491605222225
0.2,12,True,108.9449169812724
0.2,13,True,109.95650000404567
0.2,14,True,108.77212509512901
0.2,15,True,314.1044160583988
0.2,16,True,2.146582934074104
0.2,17,True,2.335833036340773
0.2,18,True,3.6495421081781387
0.2,19,False,311.88083300367
0.2,20,True,109.8907080013305
0.2,21,True,1.9064999651163816
0.2,22,True,2.005416085012257
0.2,23,True,2.8337499825283885
0.2,24,True,2.964208018966019
0.2,25,True,110.29237508773804
0.2,26,True,1.9702500430867076
0.2,27,True,315.5649999389425
0.2,28,True,2.0975840743631124
0.2,29,True,2.1092500537633896
0.2,30,True,3.1600840156897902
0.2,31,True,109.3657499877736
0.2,32,True,1.9526670221239328
0.2,33,True,3.548957989551127
0.2,34,True,315.21354196593165
0.2,35,True,2.286874921992421
0.2,36,True,2.5598329957574606
0.2,37,True,3.2785829389467835
0.2,38,True,4.0155419846996665
0.2,39,True,2.603166038170457
0.2,40,True,3.5527090076357126
0.2,41,True,3.065457916818559
0.2,42,True,314.96954103931785
0.2,43,True,1.8983329646289349
0.2,44,True,108.34920802153647
0.2,45,True,108.73091698158532
0.2,46,True,1.1171250371262431
0.2,47,True,109.26170810125768
0.2,48,True,2.378041041083634
0.2,49,True,2.2168749710544944
0.2,50,True,3.0972909880802035
0.5,1,True,30.057125026360154
0.5,2,True,1.8838329706341028
0.5,3,True,314.9465419119224
0.5,4,True,316.21370802167803
0.5,5,True,2.011709031648934
0.5,6,True,2.151374937966466
0.5,7,True,3.4890000242739916
0.5,8,True,110.74150004424155
0.5,9,True,107.36033297143877
0.5,10,False,309.34462510049343
0.5,11,True,2.6621249271556735
0.5,12,False,316.02333299815655
0.5,13,False,314.0045420732349
0.5,14,False,312.8192910226062
0.5,15,True,107.84916603006423
0.5,16,True,116.05254095047712
0.5,17,True,109.29745901376009
0.5,18,True,311.9973329594359
0.5,19,True,312.80225003138185
0.5,20,True,2.796082990244031
0.5,21,True,3.6902090068906546
0.5,22,False,312.4922909773886
0.5,23,True,2.7403340209275484
0.5,24,True,2.6397500187158585
0.5,25,True,318.2749169645831
0.5,26,True,2.2834589472040534
0.5,27,True,2.550082979723811
0.5,28,True,2.7127499924972653
0.5,29,True,3.908416023477912
0.5,30,True,106.96141701191664
0.5,31,False,312.2854169923812
0.5,32,True,108.53299999143928
0.5,33,False,313.20687499828637
0.5,34,True,110.17795803491026
0.5,35,True,312.50362494029105
0.5,36,True,2.286750008352101
0.5,37,False,316.8162079527974
0.5,38,True,312.15604196768254
0.5,39,True,312.84204206895083
0.5,40,True,108.78995794337243
0.5,41,True,103.81566698197275
0.5,42,True,1.264624996110797
0.5,43,True,309.235333930701
0.5,44,True,1.286791986785829
0.5,45,True,1.1610419023782015
0.5,46,True,109.514334006235
0.5,47,True,2.541583962738514
0.5,48,True,107.11699991952628
0.5,49,False,313.4242499945685
0.5,50,True,1.8877919064834714
